<?xml version="1.0" encoding="ISO-8859-1"?>

<history configuration="config/deliberative.xml">
	<agents>
		<agent name="deliberative-main">
			<vehicle name="Vehicle 1"/>
		</agent>
	</agents>
	<rounds>
		<round id="1">
			<tasks>
				<task id="0" pickup="Aarau" delivery="Lausanne" weight="3" reward="55146"/>
				<task id="1" pickup="Thun" delivery="St-Gallen" weight="3" reward="40875"/>
				<task id="2" pickup="Bern" delivery="Aarau" weight="3" reward="85727"/>
				<task id="3" pickup="Aarau" delivery="Neuchâtel" weight="3" reward="73495"/>
				<task id="4" pickup="Neuchâtel" delivery="Genève" weight="3" reward="69417"/>
				<task id="5" pickup="St-Gallen" delivery="Bern" weight="3" reward="49030"/>
				<task id="6" pickup="St-Gallen" delivery="Fribourg" weight="3" reward="38836"/>
			</tasks>
			<events>
				<event id="0" time="0" vehicle="Vehicle 1" move="Fribourg"/>
				<event id="1" time="1111111078" vehicle="Vehicle 1" move="Bern"/>
				<event id="2" time="1666666614" vehicle="Vehicle 1" pickup="2"/>
				<event id="3" time="1966666604" vehicle="Vehicle 1" move="Thun"/>
				<event id="4" time="2411111033" vehicle="Vehicle 1" pickup="1"/>
				<event id="5" time="2711111022" vehicle="Vehicle 1" move="Bern"/>
				<event id="6" time="3155555449" vehicle="Vehicle 1" move="Aarau"/>
			</events>
		</round>
	</rounds>
	<statistics>
		<stat rank="1" agent="deliberative-main">
			<total-tasks value="7"/>
			<total-distance value="340.0"/>
			<total-cost value="1700"/>
			<total-reward value="0"/>
			<total-profit value="-1700"/>
		</stat>
	</statistics>
</history>
